date,market,code,name,strategy,strategy_name,buy_price,target,stop_loss,risk_reward,backtest_win_rate,backtest_avg_return,status,current_price,current_return_pct,exit_date,exit_price,realized_return_pct,last_checked,news_headline,news_url
2026-09-04,KR,175330,JB금융지주,rising_bearish,상승음봉,31100.0,35634.48,28832.76,2.0,51.82,0.25,FORCE_CLOSED,31450.0,1.13,2026-09-11,31768.2,2.15,2026-09-11T09:18:08.202960,,
2026-09-03,US,BKNG,Booking Holdings,bb_lower,볼린저밴드 하단터치,195.1300048828125,207.85,185.2,1.28,57.17,0.76,STOP_HIT,180.3,-7.6,2026-09-08,185.2,-5.09,2026-09-09T10:35:56.621989,,
2026-09-03,US,CIEN,Ciena,bb_lower,볼린저밴드 하단터치,317.4599914550781,394.32,276.52,1.88,57.17,0.76,FORCE_CLOSED,339.6824951171875,7.0,2026-09-11,340.66,7.31,2026-09-11T22:30:28.931864,,
2026-09-03,US,CMI,Cummins,rsi_oversold,RSI 과매도,545.5,596.86,518.65,1.91,58.47,0.89,FORCE_CLOSED,558.7249755859375,2.42,2026-09-11,558.17,2.32,2026-09-11T22:30:29.399389,,
2026-09-03,US,DELL,Dell Technologies,new_high_20,20일 신고가 돌파,516.3900146484375,614.36,467.41,2.0,50.61,0.02,FORCE_CLOSED,520.0,0.7,2026-09-11,519.48,0.6,2026-09-11T22:30:29.782468,,
2026-09-03,US,IQV,IQVIA,new_high_20,20일 신고가 돌파,271.6199951171875,294.22,260.32,2.0,50.61,0.02,STOP_HIT,259.21,-4.57,2026-09-08,260.32,-4.16,2026-09-09T10:35:57.819083,,
2026-09-03,US,ODFL,Old Dominion,rsi_oversold,RSI 과매도,185.75,203.6,175.12,1.68,58.47,0.89,FORCE_CLOSED,182.1600036621093,-1.93,2026-09-11,181.98,-2.03,2026-09-11T22:30:30.069896,,
2026-09-03,US,PFG,Principal Financial Group,new_high_20,20일 신고가 돌파,118.51000213623048,126.67,114.43,2.0,50.61,0.02,STOP_HIT,113.9800033569336,-3.82,2026-09-09,114.32,-3.54,2026-09-09T22:54:56.683190,,
2026-09-03,US,HOOD,Robinhood Markets,new_high_20,20일 신고가 돌파,124.72000122070312,144.9,114.63,2.0,50.61,0.02,STOP_HIT,114.68000030517578,-8.05,2026-09-10,112.47,-9.82,2026-09-10T22:45:58.012393,,
2026-09-03,US,TSLA,"Tesla, Inc.",new_high_20,20일 신고가 돌파,376.3699951171875,419.92,354.6,2.0,50.61,0.02,STOP_HIT,368.16,-2.18,2026-09-04,354.6,-5.78,2026-09-09T10:35:59.196101,,
2026-09-04,US,ADSK,Autodesk,bb_lower,볼린저밴드 하단터치,217.8999938964844,250.32,201.5,1.98,57.17,0.76,FORCE_CLOSED,223.0449981689453,2.36,2026-09-14,222.82,2.26,2026-09-14T22:35:16.635669,,
2026-09-04,US,FICO,Fair Isaac,doubleb,더블비 볼린저밴드,932.260009765625,1105.23,840.5,1.89,49.37,-0.49,FORCE_CLOSED,1010.3350219726562,8.37,2026-09-14,1007.26,8.04,2026-09-14T22:35:16.909020,,
2026-09-04,US,PTC,PTC Inc.,bb_lower,볼린저밴드 하단터치,141.02000427246094,151.41,133.05,1.3,,,STOP_HIT,133.255,-5.51,2026-09-08,133.05,-5.65,2026-09-09T10:36:01.376340,,
2026-09-04,US,TSLA,"Tesla, Inc.",rising_bearish,상승음봉,354.0799865722656,399.88,331.18,2.0,54.96,0.1,FORCE_CLOSED,365.7049865722656,3.28,2026-09-14,365.34,3.18,2026-09-14T22:35:17.160581,,
2026-09-04,US,TSN,Tyson Foods,bb_lower,볼린저밴드 하단터치,51.41999816894531,56.38,49.15,2.19,57.17,0.76,FORCE_CLOSED,54.09999847412109,5.21,2026-09-14,54.05,5.11,2026-09-14T22:35:17.583714,,
2026-09-04,US,TSN,Tyson Foods,rsi_oversold,RSI 과매도,51.41999816894531,56.38,49.15,2.19,58.47,0.89,FORCE_CLOSED,54.09999847412109,5.21,2026-09-14,54.05,5.11,2026-09-14T22:35:17.601789,,
2026-09-08,US,AMGN,Amgen,bb_lower,볼린저밴드 하단터치,393.1700134277344,430.24,374.92,2.03,57.17,0.76,FORCE_CLOSED,377.7449951171875,-3.92,2026-09-15,377.37,-4.02,2026-09-15T22:32:37.967022,,
2026-09-08,US,ACGL,Arch Capital Group,bb_lower,볼린저밴드 하단터치,95.70999908447266,98.74,92.78,1.03,57.17,0.76,FORCE_CLOSED,97.61000061035156,1.99,2026-09-15,97.51,1.88,2026-09-15T22:32:38.294273,,
2026-09-08,US,BKNG,Booking Holdings,bb_lower,볼린저밴드 하단터치,180.3000030517578,205.17,169.93,2.4,57.17,0.76,FORCE_CLOSED,173.27999877929688,-3.89,2026-09-15,173.04,-4.03,2026-09-15T22:32:38.596611,,
2026-09-08,US,BRO,Brown & Brown,bb_lower,볼린저밴드 하단터치,68.18000030517578,71.66,65.19,1.17,57.17,0.76,FORCE_CLOSED,67.87999725341797,-0.44,2026-09-15,67.81,-0.54,2026-09-15T22:32:38.945701,,
2026-09-08,US,CDNS,Cadence Design Systems,bb_lower,볼린저밴드 하단터치,284.1099853515625,319.87,265.28,1.9,57.17,0.76,FORCE_CLOSED,276.1802062988281,-2.79,2026-09-15,275.9,-2.89,2026-09-15T22:32:39.209616,,
2026-09-08,US,CDNS,Cadence Design Systems,rsi_oversold,RSI 과매도,284.1099853515625,319.87,265.28,1.9,58.47,0.89,FORCE_CLOSED,276.1802062988281,-2.79,2026-09-15,275.9,-2.89,2026-09-15T22:32:39.234293,,
2026-09-08,US,COR,Cencora,rising_bearish,상승음봉,324.69000244140625,347.29,313.39,2.0,54.96,0.1,FORCE_CLOSED,321.8900146484375,-0.86,2026-09-15,321.57,-0.96,2026-09-15T22:32:39.582719,,
2026-09-08,US,STZ,Constellation Brands,bb_lower,볼린저밴드 하단터치,120.9800033569336,132.32,115.7,2.15,57.17,0.76,FORCE_CLOSED,124.01000213623048,2.5,2026-09-15,123.89,2.41,2026-09-15T22:32:39.891100,,
2026-09-08,US,STZ,Constellation Brands,rsi_oversold,RSI 과매도,120.9800033569336,132.32,115.7,2.15,58.47,0.89,FORCE_CLOSED,124.01000213623048,2.5,2026-09-15,123.89,2.41,2026-09-15T22:32:39.918671,,
2026-09-08,US,DXCM,Dexcom,bb_lower,볼린저밴드 하단터치,84.52999877929688,89.73,80.67,1.35,57.17,0.76,FORCE_CLOSED,83.25499725341797,-1.51,2026-09-15,83.17,-1.61,2026-09-15T22:32:40.342759,,
2026-09-08,US,ECHO,EchoStar,golden_cross,골든크로스,93.41999816894533,103.06,88.6,2.0,55.58,0.09,FORCE_CLOSED,93.5999984741211,0.19,2026-09-15,93.48,0.06,2026-09-15T22:32:40.704540,,
2026-09-08,US,ECHO,EchoStar,rising_bearish,상승음봉,93.41999816894533,103.06,88.6,2.0,54.96,0.1,FORCE_CLOSED,93.5999984741211,0.19,2026-09-15,93.48,0.06,2026-09-15T22:32:40.730864,,
2026-09-08,US,EXPE,Expedia Group,bb_lower,볼린저밴드 하단터치,274.54998779296875,319.18,255.0,2.28,57.17,0.76,FORCE_CLOSED,285.2200012207031,3.89,2026-09-15,284.93,3.78,2026-09-15T22:32:41.063568,,
2026-09-08,US,FICO,Fair Isaac,bb_lower,볼린저밴드 하단터치,933.2999877929688,1099.41,843.84,1.86,57.17,0.76,FORCE_CLOSED,991.0,6.18,2026-09-15,990.01,6.08,2026-09-15T22:32:41.605763,,
2026-09-08,US,HWM,Howmet Aerospace,bb_lower,볼린저밴드 하단터치,231.52999877929688,268.94,215.82,2.38,57.17,0.76,FORCE_CLOSED,229.4600067138672,-0.89,2026-09-15,229.23,-0.99,2026-09-15T22:32:42.080995,,
2026-09-08,US,HWM,Howmet Aerospace,rsi_oversold,RSI 과매도,231.52999877929688,268.94,215.82,2.38,58.47,0.89,FORCE_CLOSED,229.4600067138672,-0.89,2026-09-15,229.23,-0.99,2026-09-15T22:32:42.107762,,
2026-09-08,US,LEN,Lennar,bb_lower,볼린저밴드 하단터치,80.37000274658203,85.58,76.69,1.41,57.17,0.76,STOP_HIT,76.84609985351562,-4.38,2026-09-10,76.61,-4.68,2026-09-11T00:13:19.844889,,
2026-09-08,US,LULU,Lululemon Athletica,bb_lower,볼린저밴드 하단터치,103.19000244140624,117.69,94.6,1.69,57.17,0.76,FORCE_CLOSED,99.37000274658205,-3.7,2026-09-15,99.27,-3.8,2026-09-15T22:32:42.459863,,
2026-09-08,US,TAP,Molson Coors Beverage Company,bb_lower,볼린저밴드 하단터치,38.84000015258789,41.43,37.0,1.4,57.17,0.76,FORCE_CLOSED,38.790000915527344,-0.13,2026-09-15,38.75,-0.23,2026-09-15T22:32:42.986271,,
2026-09-08,US,OMC,Omnicom Group,bb_lower,볼린저밴드 하단터치,81.12999725341797,86.31,77.33,1.36,57.17,0.76,STOP_HIT,77.2249984741211,-4.81,2026-09-09,77.25,-4.78,2026-09-10T00:31:42.827770,,
2026-09-08,US,ORCL,Oracle Corporation,new_high_20,20일 신고가 돌파,162.52000427246094,183.94,151.81,2.0,50.61,0.02,STOP_HIT,154.22000122070312,-5.11,2026-09-11,151.66,-6.68,2026-09-11T23:31:51.982791,,
2026-09-08,US,ORCL,Oracle Corporation,rising_bearish,상승음봉,162.52000427246094,183.94,151.81,2.0,54.96,0.1,STOP_HIT,154.22000122070312,-5.11,2026-09-11,151.66,-6.68,2026-09-11T23:31:52.018838,,
2026-09-08,US,PTC,PTC Inc.,bb_lower,볼린저밴드 하단터치,133.2550048828125,150.52,124.95,2.08,57.17,0.76,FORCE_CLOSED,134.91000366210938,1.24,2026-09-15,134.78,1.14,2026-09-15T22:32:43.250015,,
2026-09-08,US,QCOM,Qualcomm,new_high_20,20일 신고가 돌파,174.08999633789062,193.98,164.15,2.0,50.61,0.02,FORCE_CLOSED,185.6450042724609,6.64,2026-09-15,185.46,6.53,2026-09-15T22:32:44.640394,,
2026-09-08,US,QCOM,Qualcomm,rising_bearish,상승음봉,174.08999633789062,193.98,164.15,2.0,54.96,0.1,FORCE_CLOSED,185.6450042724609,6.64,2026-09-15,185.46,6.53,2026-09-15T22:32:44.667439,,
2026-09-08,US,RCL,Royal Caribbean Group,rsi_oversold,RSI 과매도,264.5,287.34,252.38,1.88,58.47,0.89,FORCE_CLOSED,255.2274932861328,-3.51,2026-09-15,254.97,-3.6,2026-09-15T22:32:45.163598,,
2026-09-08,US,SYK,Stryker Corporation,bb_lower,볼린저밴드 하단터치,276.42999267578125,325.88,259.7,2.96,57.17,0.76,FORCE_CLOSED,278.9649963378906,0.92,2026-09-15,278.69,0.82,2026-09-15T22:32:45.523756,,
2026-09-08,US,SYK,Stryker Corporation,rsi_oversold,RSI 과매도,276.42999267578125,325.88,259.7,2.96,58.47,0.89,FORCE_CLOSED,278.9649963378906,0.92,2026-09-15,278.69,0.82,2026-09-15T22:32:45.551954,,
2026-09-08,US,VST,Vistra Corp.,new_high_20,20일 신고가 돌파,151.72000122070312,168.09,143.54,2.0,50.61,0.02,STOP_HIT,143.05999755859375,-5.71,2026-09-14,143.4,-5.48,2026-09-14T22:35:23.178738,,
2026-09-09,KR,000500,가온전선,new_high_20,20일 신고가 돌파,267000.0,329195.0,235902.5,2.0,46.65,0.17,STOP_HIT,245500.0,-8.05,2026-09-14,235666.6,-11.74,2026-09-14T19:42:32.757493,,
2026-09-08,KR,034020,두산에너빌리티,new_high_20,20일 신고가 돌파,89500.0,105043.46,81728.27,2.0,46.65,0.17,FORCE_CLOSED,87000.0,-2.79,2026-09-15,85014.9,-5.01,2026-09-15T09:18:54.113655,,
2026-09-08,KR,034020,두산에너빌리티,rising_bearish,상승음봉,89500.0,105043.46,81728.27,2.0,51.82,0.25,FORCE_CLOSED,87000.0,-2.79,2026-09-15,85014.9,-5.01,2026-09-15T09:18:54.139031,,
2026-09-08,KR,180640,한진칼,rising_bearish,상승음봉,148400.0,173562.08,135818.96,2.0,51.82,0.25,STOP_HIT,136400.0,-8.09,2026-09-10,135683.14,-8.57,2026-09-10T10:28:11.530881,,
2026-09-09,KR,001440,대한전선,golden_cross,골든크로스,31200.0,36676.07,28461.97,2.0,52.86,0.14,STOP_HIT,29700.0,-4.81,2026-09-11,28433.51,-8.87,2026-09-11T09:18:19.631020,,
2026-09-09,KR,047040,대우건설,golden_cross,골든크로스,19660.0,24588.01,17196.0,2.0,52.86,0.14,FORCE_CLOSED,19130.0,-2.7,2026-09-16,19160.82,-2.54,2026-09-16T09:16:50.088169,,
2026-09-09,KR,047040,대우건설,rising_bearish,상승음봉,19660.0,24588.01,17196.0,2.0,51.82,0.25,FORCE_CLOSED,19130.0,-2.7,2026-09-16,19160.82,-2.54,2026-09-16T09:16:50.111946,,
2026-09-09,KR,096770,SK이노베이션,new_high_20,20일 신고가 돌파,153800.0,180852.55,140273.72,2.0,46.65,0.17,STOP_HIT,138000.0,-10.27,2026-09-14,140133.45,-8.89,2026-09-14T13:14:13.219681,,
2026-09-09,KR,001440,대한전선,golden_cross,골든크로스,31200.0,36676.07,28461.97,2.0,52.86,0.14,STOP_HIT,29700.0,-4.81,2026-09-11,28433.51,-8.87,2026-09-11T09:18:22.916235,,
2026-09-08,US,CEG,Constellation Energy,rising_bearish,상승음봉,299.04998779296875,329.28,283.94,2.0,53.32,0.62,STOP_HIT,274.6600036621094,-8.16,2026-09-14,276.24,-7.63,2026-09-14T22:35:26.892146,"Vistra has spent nine months drifting lower while Wall Street piled up bullish price targets, and at least one major bank now sees a setup that looks nothing like the slow bleed playing out on the chart.",https://247wallst.com/investing/2026/09/09/vistra-has-edged-lower-throughout-2026-one-bank-says-its-on-the-verge-of-doubling/
2026-09-08,US,LYV,Live Nation Entertainment,bb_lower,볼린저밴드 하단터치,170.4499969482422,181.5,163.98,1.71,54.34,0.65,FORCE_CLOSED,170.72500610351562,0.16,2026-09-15,170.55,0.06,2026-09-15T22:32:47.289946,"Capo's $534,000 liquidity event reduces his direct stake by 25%, leaving him with $1.6 million in remaining holdings as the stock maintains momentum.",https://www.fool.com/coverage/filings/2026/09/04/executive-liquidates-2-900-shares-of-entertainment-stock-valued-at-more-than-usd525-000/
2026-09-08,US,UNH,UnitedHealth Group,golden_cross,골든크로스,400.8399963378906,427.82,387.35,2.0,51.06,0.41,STOP_HIT,379.6824951171875,-5.28,2026-09-09,386.96,-3.46,2026-09-09T22:55:15.976487,UnitedHealth Group Inc.는 지난해 수익 붕괴에서 회복하기 위해 노력하고 있는 플로리다의 Optum Health 사업 일부에 대한 지분을 사모펀드 회사인 TPG Inc.에 매각했습니다.,https://finance.yahoo.com/healthcare/articles/unitedhealth-sells-interest-florida-wellmed-005524593.html
2026-09-09,US,CASY,Casey's,bb_lower,볼린저밴드 하단터치,598.0750122070312,794.42,546.36,3.8,54.34,0.65,FORCE_CLOSED,590.8200073242188,-1.21,2026-09-16,590.23,-1.31,2026-09-16T22:32:54.843895,2026년 9월 9일 오늘의 뉴스,https://www.investopedia.com/5-things-to-know-before-the-stock-market-opens-on-wednesday-september-9-2026-12112266
2026-09-09,US,CASY,Casey's,rsi_oversold,RSI 과매도,598.0750122070312,794.42,546.36,3.8,55.72,0.74,FORCE_CLOSED,590.8200073242188,-1.21,2026-09-16,590.23,-1.31,2026-09-16T22:32:54.862142,2026년 9월 9일 오늘의 뉴스,https://www.investopedia.com/5-things-to-know-before-the-stock-market-opens-on-wednesday-september-9-2026-12112266
2026-09-09,US,CMCSA,Comcast,bb_lower,볼린저밴드 하단터치,24.65999984741211,26.41,23.54,1.56,54.34,0.65,FORCE_CLOSED,24.38500022888184,-1.12,2026-09-16,24.36,-1.22,2026-09-16T22:32:55.258429,"Investing.com -- Goldman Sachs Communacopia + Technology Conference에서 광대역 부문의 지속적인 문제에 대한 경고 발언 이후 Comcast Corporation(NASDAQ: CMCSA) 주가는 수요일 7% 하락했습니다. 차터 커뮤니케이션즈(Charter Communications) 주가도 광범위한 부문 매도 속에 5% 하락했다. 컨퍼런스에서 Comcast 최고재무책임자 Jason Armstrong은 광섬유 광대역 가격이 ""비합리적""으로 증가했으며 회사는 3분기에도 개선이 없을 것으로 예상한다고 밝혔습니다.",https://finance.yahoo.com/markets/stocks/articles/comcast-drops-7-persistent-broadband-165326791.html
2026-09-09,US,META,Meta Platforms,new_high_20,20일 신고가 돌파,653.155029296875,717.63,620.92,2.0,47.53,0.19,FORCE_CLOSED,682.2999877929688,4.46,2026-09-16,681.38,4.32,2026-09-16T22:32:55.462968,수요일 메타주가 5% 이상 상승했습니다.,https://finance.yahoo.com/markets/stocks/article/meta-stock-surges-with-wall-street-bullish-on-new-ai-agent-140959204.html
2026-09-09,US,BKNG,Booking Holdings,rsi_oversold,RSI 과매도,172.04249572753906,203.13,161.32,2.9,55.72,0.74,FORCE_CLOSED,171.32000732421875,-0.42,2026-09-16,171.15,-0.52,2026-09-16T22:32:55.655322,최근 거래일 마감 시 부킹 홀딩스(BKNG)는 $180.3으로 전 거래일 대비 -6.72% 상승했습니다.,https://finance.yahoo.com/markets/stocks/articles/booking-holdings-bkng-declines-more-220003667.html
2026-09-09,US,KMB,Kimberly-Clark,bb_lower,볼린저밴드 하단터치,98.86000061035156,108.24,94.9,2.37,54.34,0.65,FORCE_CLOSED,98.7490005493164,-0.11,2026-09-16,98.65,-0.21,2026-09-16T22:32:55.947909,"Kimberly-Clark Corporation(NASDAQ:KMB)이 제안한 400억 달러 규모의 Kenvue 인수는 또 다른 규제 검토 단계에 들어갔습니다. 유럽연합 집행위원회 웹사이트의 문서에 따르면 Kimberly-Clark는 2025년 11월에 처음 발표된 거래 완료를 위해 EU 허가를 요청한 것으로 나타났습니다. 이 거래는 Kimberly-Clark(NASDAQ:KMB)와 Tylenol, […]",https://finance.yahoo.com/markets/stocks/articles/kimberly-clark-turn-40-billion-010322656.html
2026-09-09,US,KMB,Kimberly-Clark,rsi_oversold,RSI 과매도,98.86000061035156,108.24,94.9,2.37,55.72,0.74,FORCE_CLOSED,98.7490005493164,-0.11,2026-09-16,98.65,-0.21,2026-09-16T22:32:55.964263,"Kimberly-Clark Corporation(NASDAQ:KMB)이 제안한 400억 달러 규모의 Kenvue 인수는 또 다른 규제 검토 단계에 들어갔습니다. 유럽연합 집행위원회 웹사이트의 문서에 따르면 Kimberly-Clark는 2025년 11월에 처음 발표된 거래 완료를 위해 EU 허가를 요청한 것으로 나타났습니다. 이 거래는 Kimberly-Clark(NASDAQ:KMB)와 Tylenol, […]",https://finance.yahoo.com/markets/stocks/articles/kimberly-clark-turn-40-billion-010322656.html
2026-09-09,US,VRT,Vertiv,golden_cross,골든크로스,261.614990234375,269.8,238.78,0.36,51.06,0.41,STOP_HIT,231.6199951171875,-11.47,2026-09-14,238.54,-8.82,2026-09-14T22:35:28.986746,분석가들은 Vertiv 주식에 대해 낙관적이며 목표 가격은 주당 336입니다. 이 거래는 최근 지지를 받으면 이익을 얻습니다.,https://www.investors.com/research/options/vertiv-stock-vrt-bull-put-spread-options/?src=A00220&yptr=yahoo
2026-09-09,US,COO,Cooper Companies (The),bb_lower,볼린저밴드 하단터치,64.62999725341797,72.74,62.05,3.14,54.34,0.65,STOP_HIT,53.595001220703125,-17.07,2026-09-10,51.71,-19.99,2026-09-10T22:46:20.709907,"COO Q3 earnings are likely to benefit from CooperVision strength, improving fertility trends and efficiency gains offsetting Asia-Pacific pressure.",https://finance.yahoo.com/markets/stocks/articles/cooper-companies-gears-post-q3-123100841.html
2026-09-09,US,COO,Cooper Companies (The),rsi_oversold,RSI 과매도,64.62999725341797,72.74,62.05,3.14,55.72,0.74,STOP_HIT,53.595001220703125,-17.07,2026-09-10,51.71,-19.99,2026-09-10T22:46:20.740470,"COO Q3 earnings are likely to benefit from CooperVision strength, improving fertility trends and efficiency gains offsetting Asia-Pacific pressure.",https://finance.yahoo.com/markets/stocks/articles/cooper-companies-gears-post-q3-123100841.html
2026-09-09,US,UDR,"UDR, Inc.",bb_lower,볼린저밴드 하단터치,35.46500015258789,37.19,34.51,1.81,54.34,0.65,FORCE_CLOSED,35.060001373291016,-1.14,2026-09-16,35.02,-1.25,2026-09-16T22:32:56.306903,"UDR Inc(NYSE:UDR)는 최근 주당 총 배당금 0.15달러를 발표했으며 배당락일은 2026년 9월 15일로 설정되었습니다.  투자자들이 이번 지급을 기대하는 가운데, 회사의 배당 이력, 수익률, 성장률에도 주목이 쏟아진다.  GuruFocus의 데이터를 사용하여 UDR Inc의 배당 성과를 살펴보고 특히 회사의 현재 재무 건전성과 미래 성장 전망의 맥락에서 지속 가능성을 평가해 보겠습니다.",https://finance.yahoo.com/real-estate/articles/udr-incs-dividend-analysis-110659188.html
2026-09-09,US,UDR,"UDR, Inc.",rsi_oversold,RSI 과매도,35.46500015258789,37.19,34.51,1.81,55.72,0.74,FORCE_CLOSED,35.060001373291016,-1.14,2026-09-16,35.02,-1.25,2026-09-16T22:32:56.323744,"UDR Inc(NYSE:UDR)는 최근 주당 총 배당금 0.15달러를 발표했으며 배당락일은 2026년 9월 15일로 설정되었습니다.  투자자들이 이번 지급을 기대하는 가운데, 회사의 배당 이력, 수익률, 성장률에도 주목이 쏟아진다.  GuruFocus의 데이터를 사용하여 UDR Inc의 배당 성과를 살펴보고 특히 회사의 현재 재무 건전성과 미래 성장 전망의 맥락에서 지속 가능성을 평가해 보겠습니다.",https://finance.yahoo.com/real-estate/articles/udr-incs-dividend-analysis-110659188.html
2026-09-09,US,AON,Aon plc,bb_lower,볼린저밴드 하단터치,304.1050109863281,341.64,289.28,2.53,54.34,0.65,FORCE_CLOSED,304.0599975585937,-0.01,2026-09-16,303.76,-0.11,2026-09-16T22:32:56.614966,Palomar Holdings의 Gray Surety 인수는 다각화를 가속화하고 규모와 전국적 유통을 추가하는 동시에 장기적인 성장 전략을 강화하고 있습니다.,https://finance.yahoo.com/markets/stocks/articles/plmrs-gray-surety-acquisition-boosts-141400017.html
2026-09-09,US,AON,Aon plc,rsi_oversold,RSI 과매도,304.1050109863281,341.64,289.28,2.53,55.72,0.74,FORCE_CLOSED,304.0599975585937,-0.01,2026-09-16,303.76,-0.11,2026-09-16T22:32:56.630980,Palomar Holdings의 Gray Surety 인수는 다각화를 가속화하고 규모와 전국적 유통을 추가하는 동시에 장기적인 성장 전략을 강화하고 있습니다.,https://finance.yahoo.com/markets/stocks/articles/plmrs-gray-surety-acquisition-boosts-141400017.html
2026-09-09,US,AAPL,Apple Inc.,rising_bearish,상승음봉,315.3399963378906,338.24,303.89,2.0,53.32,0.62,FORCE_CLOSED,333.44989013671875,5.74,2026-09-16,332.95,5.58,2026-09-16T22:32:56.920166,"Apple (AAPL) unveiled its first foldable phone, the iPhone Duo, and a slew of product updates at its annual fall event at its Cupertino, Calif., headquarters today.",https://finance.yahoo.com/markets/stocks/live/apple-event-live-iphone-duo-iphone-18-pro--watches-announced-122840434.html
2026-09-09,US,DLTR,Dollar Tree,bb_lower,볼린저밴드 하단터치,118.38999938964844,129.65,111.01,1.53,54.34,0.65,FORCE_CLOSED,113.55999755859376,-4.08,2026-09-16,113.45,-4.17,2026-09-16T22:32:57.084844,"Stahl은 31%의 상승세를 보인 후 약 $155,792의 주식을 처분했으며 $537,000 이상의 가치가 있는 4,089주를 직접 보유했습니다.",https://www.fool.com/coverage/filings/2026/09/08/dollar-tree-director-stephanie-stahl-sells-1-185-shares/
2026-09-09,US,FRT,Federal Realty Investment Trust,bb_lower,볼린저밴드 하단터치,115.16000366210938,117.29,112.76,0.88,54.34,0.65,FORCE_CLOSED,114.06500244140624,-0.95,2026-09-16,113.95,-1.05,2026-09-16T22:32:57.411922,투자자들은 최근 옵션시장의 움직임을 토대로 FRT 주식에 세심한 주의를 기울일 필요가 있다.,https://finance.yahoo.com/markets/options/articles/implied-volatility-surging-federal-realty-131700779.html
2026-09-09,US,F,Ford Motor Company,bb_lower,볼린저밴드 하단터치,13.449999809265137,14.05,12.78,0.89,54.34,0.65,TARGET_HIT,14.085000038146973,4.72,2026-09-11,14.04,4.39,2026-09-11T22:30:51.133376,"Ford (F) fires back at the Trump administration's criticisms of the US automaker using Chinese partners for technology in its battery plant project. Yahoo Finance Senior Autos Reporter Pras Subramanian explains US Transportation Secretary Sean Duffy's letter to Ford leadership, the car company's response, and its plans for a Michigan battery plant.",https://finance.yahoo.com/video/ford-rebuffs-transportation-secretarys-criticisms-195611256.html
2026-09-09,US,PHM,PulteGroup,bb_lower,볼린저밴드 하단터치,118.93000030517578,126.92,113.82,1.56,54.34,0.65,FORCE_CLOSED,119.5199966430664,0.5,2026-09-16,119.4,0.4,2026-09-16T22:32:57.695862,최근 거래일 마감 시 PulteGroup(PHM)은 $120.07로 이전 거래일보다 -3.52% 상승했습니다.,https://finance.yahoo.com/markets/stocks/articles/pultegroup-phm-falls-more-steeply-214504419.html
2026-09-09,US,SBAC,SBA Communications,rising_bearish,상승음봉,186.7400054931641,202.18,179.02,2.0,53.32,0.62,FORCE_CLOSED,183.2050018310547,-1.89,2026-09-16,183.02,-1.99,2026-09-16T22:32:57.948595,"8월 3일, SBA Communications(NASDAQ:SBAC)는 매우 다른 두 가지 이야기를 동시에 전달하는 2분기 결과를 보고했습니다. 타워 운영업체는 S&P로부터 처음으로 투자 등급 신용 등급을 획득하여 BBB로 업그레이드했으며 같은 분기에 회사에 귀속되는 순이익은 전년 대비 12.9% 감소한 1억 9,880만 달러를 기록했습니다. 희석주당순이익 감소 […]",https://finance.yahoo.com/markets/stocks/articles/sba-communications-sbac-wins-investment-055132448.html
2026-09-09,US,SPG,Simon Property Group,bb_lower,볼린저밴드 하단터치,204.52999877929688,216.16,198.88,2.06,54.34,0.65,FORCE_CLOSED,204.1000061035156,-0.21,2026-09-16,203.9,-0.31,2026-09-16T22:32:58.300587,Simon Property(SPG)는 30일 전에 수익을 보고했습니다. 주식의 다음 단계는 무엇입니까? 몇 가지 단서를 찾기 위해 예상 수익을 살펴보겠습니다.,https://finance.yahoo.com/markets/stocks/articles/simon-property-spg-down-3-153006109.html
2026-09-09,US,SPG,Simon Property Group,rsi_oversold,RSI 과매도,204.52999877929688,216.16,198.88,2.06,55.72,0.74,FORCE_CLOSED,204.1000061035156,-0.21,2026-09-16,203.9,-0.31,2026-09-16T22:32:58.316754,Simon Property(SPG)는 30일 전에 수익을 보고했습니다. 주식의 다음 단계는 무엇입니까? 몇 가지 단서를 찾기 위해 예상 수익을 살펴보겠습니다.,https://finance.yahoo.com/markets/stocks/articles/simon-property-spg-down-3-153006109.html
2026-09-09,US,WRB,W. R. Berkley Corporation,golden_cross,골든크로스,69.91000366210938,73.89,67.92,2.0,51.06,0.41,FORCE_CLOSED,70.83999633789062,1.33,2026-09-16,70.77,1.23,2026-09-16T22:32:58.677201,"Chubb의 강력한 인수, 상업 성장 및 투자 수입은 수익을 뒷받침하는 반면, 재난 손실과 가격 하락은 위험을 초래합니다.",https://finance.yahoo.com/markets/stocks/articles/cb-stock-trades-1-62x-164200289.html
2026-09-10,KR,036540,SFA반도체,momentum_continuation_v2,종가베팅-모멘텀연속(코스닥),7060.0,8479.1,6350.45,2.0,49.18,0.77,FORCE_CLOSED,4945.0,-29.96,2026-09-11,7002.99,-0.81,2026-09-11T09:18:29.299031,,
2026-09-10,KR,096770,SK이노베이션,rising_bearish,상승음봉,151700.0,179713.08,137693.46,2.0,46.93,0.69,STOP_HIT,138000.0,-9.03,2026-09-14,137555.77,-9.32,2026-09-14T13:14:17.097268,삼성과 SK 하이닉스는 중동 긴장으로 인한 유가 상승으로 노동절 이후 힘든 한 주를 대비하면서 월가가 화요일 코스피를 해제했습니다.,https://beincrypto.com/samsung-sk-hynix-lead-kospi-rally/
2026-09-10,KR,010950,S-Oil,rising_bearish,상승음봉,155700.0,186322.87,140388.57,2.0,46.93,0.69,FORCE_CLOSED,144100.0,-7.45,2026-09-17,149750.1,-3.82,2026-09-17T09:16:39.219287,"Strong refining and lube performance driven by geopolitical supply disruptions, while petrochemical segment slips into the red amid inventory-related impacts.",https://finance.yahoo.com/energy/articles/oil-corp-xkrx-010950-q2-010545548.html
2026-09-10,KR,036930,주성엔지니어링,momentum_continuation_v2,종가베팅-모멘텀연속(코스닥),234000.0,285603.99,208198.01,2.0,49.18,0.77,FORCE_CLOSED,31550.0,-86.52,2026-09-11,226273.5,-3.3,2026-09-11T09:18:32.480113,높은 에너지 비용으로 인한 인플레이션 압력이 높아지고 지정학적 불확실성이 지속되면서 아시아 시장은 경제적 도전과 기회가 공존하는 복잡한 상황을 헤쳐나가고 있습니다. 이러한 배경 속에서 내부자 소유권이 높은 성장 기업은 잠재적 회복력과 장기적인 가치 창출에 대한 고유한 통찰력을 제공할 수 있습니다.,https://finance.yahoo.com/markets/stocks/articles/asian-growth-companies-high-insider-044311174.html
2026-09-10,KR,131290,티에스이,momentum_continuation_v2,종가베팅-모멘텀연속(코스닥),304000.0,383199.65,264400.17,2.0,49.18,0.77,FORCE_CLOSED,48000.0,-84.21,2026-09-11,289210.5,-4.86,2026-09-11T09:18:34.078695,,
2026-09-10,KR,042700,한미반도체,new_high_20,20일 신고가 돌파,262000.0,311072.19,237463.91,2.0,46.71,0.97,STOP_HIT,253000.0,-3.44,2026-09-11,237226.45,-9.46,2026-09-11T09:18:35.689129,회사의 산호세 시설은 연말까지 개장할 예정이다. 한미는 이 사무실이 다른 반도체 회사의 팹에 기술 지원을 제공하는 '통합 운영 허브' 역할을 할 것이라고 말했다.,https://www.manufacturingdive.com/news/hanmi-semiconductor-expand-san-jose-subsidiary-artificial-intelligence/820763/
2026-09-10,KR,131970,두산테스나,momentum_continuation_v2,종가베팅-모멘텀연속(코스닥),90400.0,111659.74,79770.13,2.0,49.18,0.77,FORCE_CLOSED,40200.0,-55.53,2026-09-11,87712.2,-2.97,2026-09-11T09:18:37.345507,,
2026-09-10,KR,425420,티에프이,momentum_continuation_v2,종가베팅-모멘텀연속(코스닥),59500.0,71487.2,53506.4,2.0,49.18,0.77,FORCE_CLOSED,26250.0,-55.88,2026-09-11,59340.6,-0.27,2026-09-11T09:18:38.563726,,
2026-09-10,KR,443060,HD현대마린솔루션,new_high_20,20일 신고가 돌파,235500.0,271769.78,217365.11,2.0,46.71,0.97,FORCE_CLOSED,236500.0,0.42,2026-09-17,238761.0,1.38,2026-09-17T09:16:40.451989,,
2026-09-10,KR,062040,산일전기,rising_bearish,상승음봉,196100.0,236914.23,175692.88,2.0,46.93,0.69,FORCE_CLOSED,196300.0,0.1,2026-09-17,198201.6,1.07,2026-09-17T09:16:41.570407,,
2026-09-10,KR,440110,파두,momentum_continuation_v2,종가베팅-모멘텀연속(코스닥),78300.0,97037.73,68931.14,2.0,49.18,0.77,FORCE_CLOSED,17910.0,-77.13,2026-09-11,74025.9,-5.46,2026-09-11T09:18:41.997975,,
2026-09-10,KR,051910,LG화학,rising_bearish,상승음봉,280500.0,328769.0,256365.5,2.0,46.93,0.69,FORCE_CLOSED,271000.0,-3.39,2026-09-17,268731.0,-4.2,2026-09-17T09:16:43.055793,"Samsung Electronics Co.’s anticipated equity buyback is raising investor expectations that the Korean giant will buy up non‑voting preferred shares, narrowing a steep discount and setting an example for others.",https://finance.yahoo.com/markets/stocks/articles/samsung-buyback-highlights-korea-45-001936501.html
2026-09-10,KR,001440,대한전선,rising_bearish,상승음봉,29900.0,35477.78,27111.11,2.0,46.93,0.69,FORCE_CLOSED,27900.0,-6.69,2026-09-17,28171.8,-5.78,2026-09-17T09:16:44.645751,,
2026-09-09,US,FISV,Fiserv,bb_lower,볼린저밴드 하단터치,48.650001525878906,52.36,45.81,1.31,54.34,0.65,TARGET_HIT,52.619998931884766,8.16,2026-09-14,52.31,7.52,2026-09-14T22:56:17.235831,"Over the past six months, Fiserv’s stock price fell to $52.79. Shareholders have lost 13.9% of their capital, which is disappointing considering the S&P 500 has climbed by 14%. This was partly due to its softer quarterly results and may have investors wondering how to approach the situation.",https://finance.yahoo.com/markets/stocks/articles/fiserv-fisv-buy-sell-hold-022318059.html
2026-09-10,US,COO,Cooper Companies (The),bb_lower,볼린저밴드 하단터치,53.44990158081055,71.52,49.5,4.57,54.34,0.65,OPEN,54.61000061035156,2.17,,,,2026-09-17T13:31:13.572275,"Markets are taking a beating as crude oil surges past $100 and Treasury yields hit multi-year highs, setting up a make-or-break inflation report that could seal the Fed's next move. Wall Street analysts are already repositioning across semiconductors, biotech, and energy ahead of the fallout.",https://247wallst.com/investing/2026/09/10/here-are-thursdays-top-wall-street-analyst-research-calls-advanced-micro-devices-amgen-anglogold-ashanti-caterpillar-chewy-meta-platforms-novartis-nvidia-sk-hynix-and-more/
2026-09-10,US,COO,Cooper Companies (The),rsi_oversold,RSI 과매도,53.44990158081055,71.52,49.5,4.57,55.72,0.74,OPEN,54.61000061035156,2.17,,,,2026-09-17T13:31:13.609116,"원유 가격이 100달러를 넘고 국채 수익률이 수년래 최고치를 기록하면서 연준의 다음 행보를 확정할 수 있는 인플레이션 보고서가 발표되면서 시장이 크게 흔들리고 있습니다. 월스트리트 분석가들은 낙진에 앞서 이미 반도체, 생명공학, 에너지 전반에 걸쳐 위치를 바꾸고 있습니다.",https://247wallst.com/investing/2026/09/10/here-are-thursdays-top-wall-street-analyst-research-calls-advanced-micro-devices-amgen-anglogold-ashanti-caterpillar-chewy-meta-platforms-novartis-nvidia-sk-hynix-and-more/
2026-09-10,US,KVUE,Kenvue,bb_lower,볼린저밴드 하단터치,17.795000076293945,18.89,17.23,1.94,54.34,0.65,OPEN,17.829999923706055,0.2,,,,2026-09-17T13:31:14.074745,"KVUE의 신뢰할 수 있는 브랜드, 혁신 및 생산성 이니셔티브는 소비자 건강 포트폴리오와 글로벌 도달 범위를 강화하면서 성장을 지원합니다.",https://finance.yahoo.com/healthcare/articles/kenvues-brand-strength-innovation-strategy-144700234.html
2026-09-10,US,SWKS,Skyworks Solutions,new_high_20,20일 신고가 돌파,84.69000244140625,95.5,79.29,2.0,47.53,0.19,STOP_HIT,79.29000091552734,-6.38,2026-09-14,79.21,-6.47,2026-09-15T00:20:24.945762,Skyworks와 Qorvo는 급등하고 있는 반면 나머지 칩 부문은 적자를 보이고 있으며 이러한 차이는 제안된 합병의 배후에서 특정한 일이 일어나고 있음을 나타냅니다. 시장에서 가격이 책정되는 것으로 보이는 것은 다음과 같습니다.,https://247wallst.com/investing/2026/09/10/skyworks-solutions-surges-10-qorvo-climbs-6-while-chip-stocks-fall-is-the-merger-finally-clearing/
2026-09-10,US,EXR,Extra Space Storage,rsi_oversold,RSI 과매도,136.4600067138672,143.33,132.44,1.71,55.72,0.74,OPEN,136.42999267578125,-0.02,,,,2026-09-17T13:31:14.593496,Extra Space Storage (EXR) reported earnings 30 days ago. What's next for the stock? We take a look at earnings estimates for some clues.,https://finance.yahoo.com/markets/stocks/articles/why-extra-space-storage-exr-153012053.html
2026-09-10,US,INVH,Invitation Homes,bb_lower,볼린저밴드 하단터치,27.530000686645508,29.37,26.8,2.53,54.34,0.65,OPEN,27.209999084472656,-1.16,,,,2026-09-17T13:31:15.023680,"Invitation Home (INVH) has become technically an oversold stock now, which implies exhaustion of the heavy selling pressure on it. This, combined with strong agreement among Wall Street analysts in revising earnings estimates higher, indicates a potential trend reversal for the stock in the near term.",https://finance.yahoo.com/markets/stocks/articles/heres-why-invitation-home-invh-133501594.html
2026-09-10,US,INVH,Invitation Homes,rsi_oversold,RSI 과매도,27.530000686645508,29.37,26.8,2.53,55.72,0.74,OPEN,27.209999084472656,-1.16,,,,2026-09-17T13:31:15.063007,"Invitation Home (INVH) has become technically an oversold stock now, which implies exhaustion of the heavy selling pressure on it. This, combined with strong agreement among Wall Street analysts in revising earnings estimates higher, indicates a potential trend reversal for the stock in the near term.",https://finance.yahoo.com/markets/stocks/articles/heres-why-invitation-home-invh-133501594.html
2026-09-10,US,LH,Labcorp,bb_lower,볼린저밴드 하단터치,307.6600036621094,328.71,295.66,1.75,54.34,0.65,OPEN,324.510009765625,5.48,,,,2026-09-17T13:31:15.531471,"Even if a company is profitable, it doesn’t always mean it’s a great investment. Some struggle to maintain growth, face looming threats, or fail to reinvest wisely, limiting their future potential.",https://finance.yahoo.com/markets/stocks/articles/1-profitable-stock-worth-attention-164104820.html
2026-09-10,US,LEN,Lennar,bb_lower,볼린저밴드 하단터치,77.91999816894531,84.88,74.16,1.85,54.34,0.65,OPEN,78.36000061035156,0.56,,,,2026-09-17T13:31:16.027260,"Quarterly earnings results are a good time to check in on a company’s progress, especially compared to its peers in the same sector. Today we are looking at Lennar (NYSE:LEN) and the best and worst performers in the home builders industry.",https://finance.yahoo.com/real-estate/articles/q2-earnings-highlights-lennar-nyse-185704866.html
2026-09-10,US,BKR,Baker Hughes,bb_lower,볼린저밴드 하단터치,59.400001525878906,63.17,56.59,1.34,54.34,0.65,STOP_HIT,56.494998931884766,-4.89,2026-09-14,56.53,-4.83,2026-09-15T02:17:01.052394,Baker Hughes stock falls as the addition of a key acquisition to the company’s outlook didn’t impress Wall Street.,https://www.barrons.com/articles/baker-hughes-stock-energy-oil-f0b3bfbc?siteid=yhoof2&yptr=yahoo
2026-09-10,US,TECH,Bio-Techne,bb_lower,볼린저밴드 하단터치,72.08000183105469,72.32,71.67,0.59,54.34,0.65,TARGET_HIT,72.33499908447266,0.35,2026-09-11,72.25,0.24,2026-09-11T23:55:41.588044,"Wrapping up Q2 earnings, we look at the numbers and key takeaways for the research tools & consumables stocks, including Bio-Techne (NASDAQ:TECH) and its peers.",https://finance.yahoo.com/healthcare/articles/winners-losers-q2-bio-techne-210840276.html
2026-09-10,US,BLDR,Builders FirstSource,bb_lower,볼린저밴드 하단터치,58.9900016784668,67.27,54.4,1.8,54.34,0.65,OPEN,59.650001525878906,1.12,,,,2026-09-17T13:31:16.497295,"Lowe's Companies (LOW) trades at $198, down about 26% over the past year while the S&P 500 (SPY) returned about 19%. The tape reads like a retailer stuck with a cautious DIY customer and a housing market management expects to recover only gradually. Its own numbers say something stranger: per-share earnings compounded higher over the past three years while revenue shrank.",https://www.trefis.com/articles/614893/is-low-stock-a-buy-as-eps-grows-while-sales-shrink/2026-09-10
2026-09-10,US,DHI,D. R. Horton,bb_lower,볼린저밴드 하단터치,135.57000732421875,145.51,129.66,1.68,54.34,0.65,OPEN,138.32000732421875,2.03,,,,2026-09-17T13:31:17.041821,The US housing market is facing renewed affordability pressures amid elevated mortgage rates and pri,https://finance.yahoo.com/real-estate/articles/housing-market-seeing-renewed-affordability-172452714.html
2026-09-10,US,FDS,FactSet,bb_lower,볼린저밴드 하단터치,262.92999267578125,295.61,244.73,1.8,54.34,0.65,OPEN,276.4100036621094,5.13,,,,2026-09-17T13:31:17.464385,"메이시스(M)는 목요일 회계연도 2분기 조정 수익을 희석주당 0.63달러로 보고했는데, 이는 주당 0.35달러에서 증가한 수치입니다.",https://finance.yahoo.com/markets/stocks/articles/macy-apos-fiscal-q2-adjusted-113154983.html
2026-09-10,US,MAS,Masco,bb_lower,볼린저밴드 하단터치,67.62999725341797,72.46,64.65,1.62,54.34,0.65,OPEN,68.27999877929688,0.96,,,,2026-09-17T13:31:17.983819,Masco (MAS)는 30일 전에 수익을 보고했습니다. 주식의 다음 단계는 무엇입니까? 몇 가지 단서를 찾기 위해 예상 수익을 살펴보겠습니다.,https://finance.yahoo.com/markets/stocks/articles/why-masco-mas-0-9-153022170.html
2026-09-10,US,MAA,Mid-America Apartment Communities,bb_lower,볼린저밴드 하단터치,124.4800033569336,130.12,121.15,1.69,54.34,0.65,OPEN,121.9000015258789,-2.07,,,,2026-09-17T13:31:18.458991,Mid-America Apartment Communities (MAA) reported earnings 30 days ago. What's next for the stock? We take a look at earnings estimates for some clues.,https://finance.yahoo.com/markets/stocks/articles/mid-america-apartment-communities-maa-153013738.html
2026-09-10,US,MAA,Mid-America Apartment Communities,rsi_oversold,RSI 과매도,124.4800033569336,130.12,121.15,1.69,55.72,0.74,OPEN,121.9000015258789,-2.07,,,,2026-09-17T13:31:18.498916,Mid-America Apartment Communities (MAA) reported earnings 30 days ago. What's next for the stock? We take a look at earnings estimates for some clues.,https://finance.yahoo.com/markets/stocks/articles/mid-america-apartment-communities-maa-153013738.html
2026-09-10,US,PPG,PPG Industries,bb_lower,볼린저밴드 하단터치,105.0500030517578,112.12,100.75,1.65,54.34,0.65,OPEN,104.9800033569336,-0.07,,,,2026-09-17T13:31:18.994464,PPG의 ONE RANGE 해양 코팅 및 POWERPACK 도구는 선박 유지 관리를 단순화하고 준비 시간을 단축하며 선상 적용 효율성을 향상시키는 것을 목표로 합니다.,https://finance.yahoo.com/markets/stocks/articles/ppg-industries-one-range-portfolio-161900525.html
2026-09-10,US,SWK,Stanley Black & Decker,bb_lower,볼린저밴드 하단터치,89.2300033569336,97.55,84.82,1.89,54.34,0.65,OPEN,89.05000305175781,-0.2,,,,2026-09-17T13:31:19.584014,"Stanley Black & Decker, Inc. (NYSE:SWK) entered into a definitive agreement to sell Excel Industries to Bad Boy Mowers. Excel Industries, which includes the Hustler Turf Equipment brand, is expected to generate approximately $300 million of fiscal 2026 revenue. The purchase price and expected proceeds were not disclosed. The transaction remains subject to regulatory approval […]",https://finance.yahoo.com/markets/stocks/articles/stanley-black-decker-swk-agreed-173523381.html
2026-09-10,US,DVN,Devon Energy,new_high_20,20일 신고가 돌파,50.02000045776367,53.7,48.18,2.0,47.53,0.19,OPEN,48.43999862670898,-3.16,,,,2026-09-17T13:31:20.079263,Permian Resources (PR) reported earnings 30 days ago. What's next for the stock? We take a look at earnings estimates for some clues.,https://finance.yahoo.com/markets/stocks/articles/permian-resources-pr-17-1-153022360.html
2026-09-11,KR,052690,한전기술,new_high_20,20일 신고가 돌파,153200.0,183949.24,137825.38,2.0,46.71,0.97,STOP_HIT,140100.0,-8.55,2026-09-14,137687.55,-10.13,2026-09-14T14:12:59.585382,,
2026-09-11,KR,042700,한미반도체,rising_bearish,상승음봉,232000.0,282281.32,206859.34,2.0,46.93,0.69,OPEN,225500.0,-2.8,,,,2026-09-17T13:31:21.898518,회사의 산호세 시설은 연말까지 개장할 예정이다. 한미는 이 사무실이 다른 반도체 회사의 팹에 기술 지원을 제공하는 '통합 운영 허브' 역할을 할 것이라고 말했다.,https://www.manufacturingdive.com/news/hanmi-semiconductor-expand-san-jose-subsidiary-artificial-intelligence/820763/
2026-09-11,KR,059090,미코,momentum_continuation_v2,종가베팅-모멘텀연속(코스닥),20600.0,24670.77,18564.61,2.0,49.18,0.77,FORCE_CLOSED,13830.0,-32.86,2026-09-14,20629.35,0.14,2026-09-14T13:14:33.178191,,
2026-09-10,US,HSIC,Henry Schein,bb_lower,볼린저밴드 하단터치,87.30000305175781,89.39,84.69,0.8,54.34,0.65,OPEN,86.7699966430664,-0.61,,,,2026-09-17T13:31:22.220545,Henry Schein (HSIC) could produce exceptional returns because of its solid growth attributes.,https://finance.yahoo.com/markets/stocks/articles/henry-schein-hsic-incredible-growth-164502351.html
2026-09-11,US,ORCL,Oracle Corporation,rising_bearish,상승음봉,153.50999450683594,176.67,141.93,2.0,53.32,0.62,STOP_HIT,143.02000427246094,-6.83,2026-09-14,141.79,-7.63,2026-09-14T22:35:47.399439,Tech stock coverage for the week of Sept. 7.,https://finance.yahoo.com/technology/live/tech-stocks-today-oracle-stock-wavers-after-earnings-beat-ai-in-focus-125343211.html
2026-09-11,US,CLX,Clorox,rsi_oversold,RSI 과매도,87.66999816894531,99.61,83.46,2.84,55.72,0.74,OPEN,84.86000061035156,-3.21,,,,2026-09-17T13:31:22.723310,"PG's premium valuation, weak price momentum and cost pressures temper its brand strength and innovation-led growth outlook.",https://finance.yahoo.com/markets/stocks/articles/procter-gamble-stock-looks-pricey-174200839.html
2026-09-11,US,KIM,Kimco Realty,bb_lower,볼린저밴드 하단터치,23.2450008392334,23.93,22.7,1.27,54.34,0.65,STOP_HIT,22.63500022888184,-2.62,2026-09-16,22.68,-2.43,2026-09-17T03:35:28.783644,"Dividends are one of the best benefits to being a shareholder, but finding a great dividend stock is no easy task. Does Kimco Realty (KIM) have what it takes? Let's find out.",https://finance.yahoo.com/markets/stocks/articles/kimco-realty-kim-could-great-154503018.html
2026-09-11,US,CPRT,Copart,bb_lower,볼린저밴드 하단터치,29.895000457763672,32.6,28.08,1.49,54.34,0.65,OPEN,30.81999969482422,3.09,,,,2026-09-17T13:31:23.092658,Copart's $1.9 billion takeover offer sent the stock sharply higher.,https://finance.yahoo.com/markets/stocks/articles/acv-auctions-soars-40-copart-182144025.html
2026-09-11,US,DELL,Dell Technologies,new_high_20,20일 신고가 돌파,567.1400146484375,667.19,517.12,2.0,47.53,0.19,OPEN,563.2899780273438,-0.68,,,,2026-09-17T13:31:23.525992,"(Updates with index/price moves, macroeconomic data, comments and geopolitical news from the first p",https://finance.yahoo.com/markets/stocks/articles/communication-services-technology-lift-us-190520269.html
2026-09-11,US,HPQ,HP Inc.,new_high_20,20일 신고가 돌파,35.470001220703125,40.28,33.07,2.0,47.53,0.19,STOP_HIT,32.845001220703125,-7.4,2026-09-16,33.04,-6.85,2026-09-17T04:12:32.857549,PayPal CEO 엔리케 로레스(Enrique Lores)는 결제 아이콘을 한푼도 팔지 않을 것입니다.,https://finance.yahoo.com/markets/stocks/article/paypal-keeping-options-open-amid-buyout-rumors-ceo-says-203725063.html
2026-09-11,US,JCI,Johnson Controls,golden_cross,골든크로스,146.00999450683594,156.41,140.81,2.0,51.06,0.41,STOP_HIT,138.63999938964844,-5.05,2026-09-14,140.67,-3.66,2026-09-14T22:35:50.049705,"Wrapping up Q2 earnings, we look at the numbers and key takeaways for the commercial building products stocks, including Johnson Controls (NYSE:JCI) and its peers.",https://finance.yahoo.com/markets/stocks/articles/commercial-building-products-stocks-q2-223118657.html
2026-09-11,US,UNH,UnitedHealth Group,bb_lower,볼린저밴드 하단터치,379.0899963378906,394.2,362.8,0.93,54.34,0.65,OPEN,375.260009765625,-1.01,,,,2026-09-17T13:31:24.039317,CNC is set to reshape its Medicare Advantage business around dual-eligible members and a simpler footprint to drive margin recovery.,https://finance.yahoo.com/healthcare/articles/centenes-medicare-advantage-strategy-unlock-161700812.html
2026-09-11,KR,000990,DB하이텍,rising_bearish,상승음봉,105800.0,129611.14,93894.43,2.0,46.93,0.69,OPEN,124300.0,17.49,,,,2026-09-17T13:31:25.518406,"Weebit Nano recently advanced its commercial rollout by signing licensing agreements for its ReRAM technology with Tier‑1 chipmakers onsemi and Texas Instruments, while also achieving technology qualification at South Korean foundry DB HiTek to support scalable manufacturing and potential volume production. What makes these developments especially important is that Weebit Nano has now paired validation from leading industry customers with a qualified foundry partner, tightening the link...",https://finance.yahoo.com/news/weebit-nano-asx-wbt-22-191036333.html
2026-09-11,KR,375500,DL이앤씨,new_high_20,20일 신고가 돌파,85800.0,98474.54,79462.73,2.0,46.71,0.97,OPEN,86600.0,0.93,,,,2026-09-17T13:31:26.743048,,
2026-09-11,KR,012630,HDC,new_high_20,20일 신고가 돌파,28450.0,32476.44,26436.78,2.0,46.71,0.97,STOP_HIT,26600.0,-6.5,2026-09-16,26410.34,-7.17,2026-09-16T14:45:34.704539,,
2026-09-11,KR,294870,IPARK현대산업개발,new_high_20,20일 신고가 돌파,24850.0,27260.15,23644.92,2.0,46.71,0.97,STOP_HIT,23750.0,-4.43,2026-09-17,23621.28,-4.94,2026-09-17T11:17:53.623528,,
2026-09-14,KR,036540,SFA반도체,momentum_continuation_v2,종가베팅-모멘텀연속(코스닥),7570.0,9076.8,6816.6,2.0,49.18,0.77,FORCE_CLOSED,4945.0,-34.68,2026-09-15,7682.31,1.48,2026-09-15T09:19:22.509790,,
2026-09-14,KR,443060,HD현대마린솔루션,rising_bearish,상승음봉,238500.0,278291.29,218604.35,2.0,46.93,0.69,OPEN,241500.0,1.26,,,,2026-09-17T13:31:27.662307,,
2026-09-14,US,CRWD,CrowdStrike,new_high_20,20일 신고가 돌파,238.1499938964844,276.54,218.96,2.0,47.53,0.19,OPEN,241.3600006103516,1.35,,,,2026-09-17T13:31:28.056270,"Yahoo Finance Senior Markets Reporter Ines Ferre and DA Davidson Head of Technology Research Gil Luria break down the tech stock (XLK) pullback following calls to slow AI development, while highlighting the renewed strength in the cybersecurity sector.",https://finance.yahoo.com/video/tech-pulls-back-ai-concerns-143900977.html
2026-09-14,US,VLO,Valero Energy,rising_bearish,상승음봉,380.7349853515625,416.76,362.72,2.0,53.32,0.62,OPEN,403.2799987792969,5.92,,,,2026-09-17T13:31:28.561961,"VLO's heavy-crude sourcing edge, tight refining capacity and strong balance sheet support its appeal despite a premium valuation.",https://finance.yahoo.com/energy/articles/valero-energy-rallies-148-time-150000447.html
2026-09-14,US,BAC,Bank of America,bb_lower,볼린저밴드 하단터치,59.3849983215332,62.36,57.43,1.53,54.34,0.65,STOP_HIT,57.310001373291016,-3.49,2026-09-16,57.37,-3.39,2026-09-17T04:28:10.991793,"Bank of America (NYSE:BAC) Chairman and CEO Brian Moynihan said the U.S. economy remains resilient, supported by consumer spending, solid credit quality and increased borrowing activity among small and midsized businesses. Speaking at Barclays’ Global Financial Services Conference, Moynihan said th",https://www.marketbeat.com/instant-alerts/event-bank-of-america-sees-resilient-consumers-strong-loan-growth-and-rising-nii-2026-09-14/?utm_source=yahoofinance&utm_medium=yahoofinance
2026-09-14,US,C,Citigroup,rising_bearish,상승음봉,136.1999969482422,146.02,131.29,2.0,53.32,0.62,STOP_HIT,131.26499938964844,-3.62,2026-09-16,131.16,-3.7,2026-09-17T04:28:11.278420,"Increased costs, a limited consumer pool and churn are pressuring the financial institutions that are competing in the luxury card market.",https://www.americanbanker.com/payments/news/the-high-end-card-changes-that-are-challenging-banks
2026-09-14,US,MS,Morgan Stanley,bb_lower,볼린저밴드 하단터치,206.6000061035156,214.12,198.73,0.96,54.34,0.65,OPEN,202.4199981689453,-2.02,,,,2026-09-17T13:31:29.098987,McDonald's (MCD) investor day on Sept. 23 will likely flesh out the strategies the fast food giant h,https://finance.yahoo.com/markets/stocks/articles/mcdonald-apos-investor-day-details-151447452.html
2026-09-14,US,SWKS,Skyworks Solutions,rising_bearish,상승음봉,79.26000213623047,92.24,72.77,2.0,53.32,0.62,OPEN,85.58999633789062,7.99,,,,2026-09-17T13:31:29.556720,"The technology sector is the S&P 500's worst performer today, down more than 2%. Here are some of the tech names getting hit hardest:    Coherent, down 11%.   Hewlett Packard Enterprise, down 11%   Corning, down 11%   Teradyne, down 11%   Lumentum, down 8.",https://www.wsj.com/livecoverage/stock-market-today-dow-sp-500-nasdaq-09-14-2026/card/which-tech-stocks-are-getting-hit-hardest-today-NXMZGdwdwqjvnj32Ghbc?siteid=yhoof2&yptr=yahoo
2026-09-14,US,ETR,Entergy,bb_lower,볼린저밴드 하단터치,103.63999938964844,106.68,100.5,0.97,54.34,0.65,OPEN,102.31999969482422,-1.27,,,,2026-09-17T13:31:30.207009,"Newly reported records put dollar figures on power infrastructure for Google’s West Memphis data center, but Entergy says the first $716 million headline understated the full economics. Reports identified $526 million toward the Cypress Solar project and $190 million for transmission. Entergy later argued that the $526 million figure reflected only the upfront payment and […]",https://finance.yahoo.com/energy/articles/entergy-says-google-arkansas-solar-230127052.html
2026-09-14,US,LRCX,Lam Research,bb_lower,볼린저밴드 하단터치,273.489990234375,307.4,249.27,1.4,54.34,0.65,OPEN,269.2300109863281,-1.56,,,,2026-09-17T13:31:30.672393,"Anthropic's CEO called for slowing AI model progress over the weekend, and by Monday morning the shockwave had traveled straight to the fab equipment order books that Wall Street spent 2026 treating as untouchable.",https://247wallst.com/investing/2026/09/14/chip-equipment-stocks-slide-as-ai-pacing-call-reaches-fab-spending-applied-materials-and-lam-research-fall-6-asml-sinks-5/
2026-09-14,US,PEG,Public Service Enterprise Group,bb_lower,볼린저밴드 하단터치,70.91999816894531,73.57,69.05,1.42,54.34,0.65,OPEN,70.38999938964844,-0.75,,,,2026-09-17T13:31:31.186384,"LaRossa disposed of 2,083 shares in a routine liquidation event.",https://www.fool.com/coverage/filings/2026/09/11/public-service-enterprise-group-ceo-sells-2-083-shares/
2026-09-14,US,PEG,Public Service Enterprise Group,rsi_oversold,RSI 과매도,70.91999816894531,73.57,69.05,1.42,55.72,0.74,OPEN,70.38999938964844,-0.75,,,,2026-09-17T13:31:31.225542,"LaRossa disposed of 2,083 shares in a routine liquidation event.",https://www.fool.com/coverage/filings/2026/09/11/public-service-enterprise-group-ceo-sells-2-083-shares/
2026-09-14,US,O,Realty Income,rsi_oversold,RSI 과매도,59.27000045776367,61.6,57.94,1.75,55.72,0.74,STOP_HIT,57.80979919433594,-2.46,2026-09-16,57.88,-2.35,2026-09-17T02:27:21.234459,"A Roth IRA can strip the tax burden from even the highest-yielding dividends, but only if you put the right stocks inside it. Five blue chips with records stretching back decades make a compelling case for why account placement matters as much as stock selection.",https://247wallst.com/investing/2026/09/14/do-the-math-tax-man-goes-away-when-you-own-these-dividend-stocks-in-a-roth-ira/
2026-09-15,KR,040300,YTN,momentum_continuation_v2,종가베팅-모멘텀연속(코스닥),2635.0,2989.39,2457.8,2.0,49.18,0.77,FORCE_CLOSED,2990.0,13.47,2026-09-16,2562.43,-2.75,2026-09-16T09:17:22.386108,,
2026-09-15,KR,056190,SFA,momentum_continuation_v2,종가베팅-모멘텀연속(코스닥),28250.0,32247.19,26251.4,2.0,49.18,0.77,FORCE_CLOSED,25550.0,-9.56,2026-09-16,28071.9,-0.63,2026-09-16T09:17:23.628918,,
2026-09-15,KR,036540,SFA반도체,momentum_continuation_v2,종가베팅-모멘텀연속(코스닥),8510.0,10155.6,7687.2,2.0,49.18,0.77,FORCE_CLOSED,4945.0,-41.89,2026-09-16,8291.7,-2.57,2026-09-16T09:17:24.692163,,
2026-09-15,KR,437730,삼현,momentum_continuation_v2,종가베팅-모멘텀연속(코스닥),52700.0,63729.74,47185.13,2.0,49.18,0.77,FORCE_CLOSED,25050.0,-52.47,2026-09-16,51148.8,-2.94,2026-09-16T09:17:25.544031,,
2026-09-15,KR,160190,하이젠알앤엠,momentum_continuation_v2,종가베팅-모멘텀연속(코스닥),25600.0,32563.55,22118.22,2.0,49.18,0.77,FORCE_CLOSED,9940.0,-61.17,2026-09-16,23176.8,-9.47,2026-09-16T09:17:26.301630,,
2026-09-15,KR,030530,원익홀딩스,momentum_continuation_v2,종가베팅-모멘텀연속(코스닥),25200.0,32090.72,21754.64,2.0,49.18,0.77,FORCE_CLOSED,3350.0,-86.71,2026-09-16,25424.55,0.89,2026-09-16T09:17:27.484673,,
2026-09-14,US,TROW,T. Rowe Price,bb_lower,볼린저밴드 하단터치,105.8000030517578,110.26,102.46,1.33,54.34,0.65,STOP_HIT,102.11000061035156,-3.49,2026-09-16,102.36,-3.25,2026-09-17T04:12:41.321052,"This article first appeared on GuruFocus.  T. Rowe Price Group Inc (NASDAQ:TROW) recently announced a total dividend of $1.3 per share, with the ex-dividend date set for 2026-09-15.  For value investors, the ex-dividend date is a key detail: shareholders must own the stock before this date to qualify for the payment.",https://finance.yahoo.com/markets/stocks/articles/t-rowe-price-group-incs-110733825.html
2026-09-15,US,SYY,Sysco,golden_cross,골든크로스,80.91500091552734,82.2,78.27,0.49,51.06,0.41,OPEN,78.70999908447266,-2.73,,,,2026-09-17T13:31:31.645111,"The broad market exchange-traded fund SPDR S&P 500 ETF Trust (SPY) was down 0.2%, and the actively t",https://finance.yahoo.com/markets/stocks/articles/exchange-traded-funds-equity-futures-132308929.html
2026-09-15,US,SYY,Sysco,bb_lower,볼린저밴드 하단터치,79.41100311279297,82.13,76.63,0.98,54.34,0.65,OPEN,78.70999908447266,-0.88,,,,2026-09-17T13:31:31.684608,"The broad market exchange-traded fund SPDR S&P 500 ETF Trust (SPY) was down 0.2%, and the actively t",https://finance.yahoo.com/markets/stocks/articles/exchange-traded-funds-equity-futures-132308929.html
2026-09-15,US,CCI,Crown Castle,bb_lower,볼린저밴드 하단터치,73.23999786376953,75.37,70.07,0.67,54.34,0.65,OPEN,73.22000122070312,-0.03,,,,2026-09-17T13:31:32.110671,"Crown Castle Inc (NYSE:CCI) recently announced a total dividend of $1.06 per share, with the ex-dividend date set for 2026-09-15.  This amount includes a $1.06 per share cash dividend payable on 2026-09-30.  As investors look forward to this upcoming payment, the spotlight also shines on the company's dividend history, yield, and growth rates.",https://finance.yahoo.com/markets/stocks/articles/crown-castle-incs-dividend-analysis-110538160.html
2026-09-15,US,CARR,Carrier Global,bb_lower,볼린저밴드 하단터치,55.4900016784668,58.69,52.8,1.19,54.34,0.65,OPEN,54.2599983215332,-2.22,,,,2026-09-17T13:31:32.586862,Here is how Carrier Global (CARR) and Emcor Group (EME) have performed compared to their sector so far this year.,https://finance.yahoo.com/markets/stocks/articles/carrier-global-carr-outpaced-other-134006215.html
2026-09-15,US,RVTY,Revvity,golden_cross,골든크로스,139.6999969482422,153.04,133.03,2.0,51.06,0.41,OPEN,145.72999572753906,4.32,,,,2026-09-17T13:31:33.196343,"As the Q2 earnings season comes to a close, it’s time to take stock of this quarter’s best and worst performers in the research tools & consumables industry, including Revvity (NYSE:RVTY) and its peers.",https://finance.yahoo.com/healthcare/articles/q2-rundown-revvity-nyse-rvty-133531218.html
2026-09-15,US,RVTY,Revvity,new_high_20,20일 신고가 돌파,139.6999969482422,153.04,133.03,2.0,47.53,0.19,OPEN,145.72999572753906,4.32,,,,2026-09-17T13:31:33.235814,"As the Q2 earnings season comes to a close, it’s time to take stock of this quarter’s best and worst performers in the research tools & consumables industry, including Revvity (NYSE:RVTY) and its peers.",https://finance.yahoo.com/healthcare/articles/q2-rundown-revvity-nyse-rvty-133531218.html
2026-09-15,US,WST,West Pharmaceutical Services,golden_cross,골든크로스,364.8699951171875,390.85,351.88,2.0,51.06,0.41,OPEN,362.010009765625,-0.78,,,,2026-09-17T13:31:33.756206,"BTSG's specialty pharmacy, infusion and home-based care expansion support growth, while IRA and execution risks may put pressure on near-term margins.",https://finance.yahoo.com/healthcare/articles/heres-why-add-brightspring-stock-152400993.html
2026-09-15,US,WST,West Pharmaceutical Services,new_high_20,20일 신고가 돌파,364.8699951171875,390.85,351.88,2.0,47.53,0.19,OPEN,362.010009765625,-0.78,,,,2026-09-17T13:31:33.795399,"BTSG's specialty pharmacy, infusion and home-based care expansion support growth, while IRA and execution risks may put pressure on near-term margins.",https://finance.yahoo.com/healthcare/articles/heres-why-add-brightspring-stock-152400993.html
2026-09-15,US,BNY,BNY Mellon,bb_lower,볼린저밴드 하단터치,154.6699981689453,161.45,149.87,1.41,54.34,0.65,OPEN,153.47000122070312,-0.78,,,,2026-09-17T13:31:34.278214,USB vs. BNY: Which Stock Is the Better Value Option?,https://finance.yahoo.com/markets/stocks/articles/usb-vs-bny-stock-value-154005130.html
2026-09-15,US,GE,GE Aerospace,bb_lower,볼린저밴드 하단터치,307.04998779296875,337.75,293.36,2.24,54.34,0.65,OPEN,312.8999938964844,1.91,,,,2026-09-17T13:31:34.893895,"Soaring oil prices are hurting shares of once high-flying aviation suppliers, with engine maker GE Aerospace suffering the brunt of the selloff. Its shares were down about 3% midday at $308.50, extending a nearly weeklong slump for the manufacturer.",https://www.wsj.com/livecoverage/stock-market-today-dow-sp-500-nasdaq-09-15-2026/card/surging-oil-prices-singe-ge-aerospace-lMlfR7Aab53uw3Mcrs9p?siteid=yhoof2&yptr=yahoo
2026-09-15,US,GE,GE Aerospace,rsi_oversold,RSI 과매도,307.04998779296875,337.75,293.36,2.24,55.72,0.74,OPEN,312.8999938964844,1.91,,,,2026-09-17T13:31:34.932855,"Soaring oil prices are hurting shares of once high-flying aviation suppliers, with engine maker GE Aerospace suffering the brunt of the selloff. Its shares were down about 3% midday at $308.50, extending a nearly weeklong slump for the manufacturer.",https://www.wsj.com/livecoverage/stock-market-today-dow-sp-500-nasdaq-09-15-2026/card/surging-oil-prices-singe-ge-aerospace-lMlfR7Aab53uw3Mcrs9p?siteid=yhoof2&yptr=yahoo
2026-09-15,US,IR,Ingersoll Rand,rsi_oversold,RSI 과매도,71.91000366210938,76.75,68.86,1.59,55.72,0.74,OPEN,71.44000244140625,-0.65,,,,2026-09-17T13:31:35.360201,"Ingersoll Rand has lagged the broader S&P 500 Index over the past year, although analysts remain cautiously optimistic about the company’s outlook.",https://www.barchart.com/story/news/4574579/is-ingersoll-rand-stock-underperforming-the-s-p-500
2026-09-15,US,KR,Kroger,new_high_20,20일 신고가 돌파,62.25,67.19,59.78,2.0,47.53,0.19,OPEN,61.13999938964844,-1.78,,,,2026-09-17T13:31:35.924727,"Auxier Asset Management, an investment advisory firm, released its second-quarter 2026 investor letter. The letter can be downloaded here. Following a strong rebound from the first-quarter decline, the S&P 500 gained 15.2% as accelerating capital spending toward artificial intelligence infrastructure drove significant gains across technology hardware companies. Semiconductor and data-center-related businesses benefited from supply constraints […]",https://finance.yahoo.com/markets/stocks/articles/why-kroger-co-kr-could-160335573.html
2026-09-15,US,TROW,T. Rowe Price,rsi_oversold,RSI 과매도,104.2300033569336,109.95,100.89,1.71,55.72,0.74,OPEN,102.4000015258789,-1.76,,,,2026-09-17T13:31:36.424327,"The account you tap first in retirement shapes how long your money survives, and most retirees get the order wrong in a way that costs them years of income before they realize it.",https://247wallst.com/personal-finance/2026/09/15/retirees-who-spend-from-the-wrong-account-first-run-out-about-three-years-sooner-heres-the-order-that-adds-six-figures-2/
2026-09-15,US,TT,Trane Technologies,bb_lower,볼린저밴드 하단터치,422.7300109863281,446.81,406.23,1.46,54.34,0.65,OPEN,421.6799926757813,-0.25,,,,2026-09-17T13:31:36.993199,Not all profitable companies are built to last - some rely on outdated models or unsustainable advantages. Just because a business is in the green today doesn’t mean it will thrive tomorrow.,https://finance.yahoo.com/markets/stocks/articles/2-profitable-stocks-target-week-073230456.html
2026-09-16,KR,092220,KEC,new_high_20,20일 신고가 돌파,3030.0,3603.65,2743.18,2.0,46.71,0.97,OPEN,2875.0,-5.12,,,,2026-09-17T13:31:38.290689,,
2026-09-16,KR,377300,카카오페이,bb_lower,볼린저밴드 하단터치,41050.0,45832.5,36918.06,1.16,65.87,2.69,OPEN,40225.0,-2.01,,,,2026-09-17T13:31:39.351599,Mastercard said the portfolio will allow wallet providers introduce new use cases “without significant changes” to infrastructure.,https://www.electronicpaymentsinternational.com/news/mastercard-launches-wallet-pay-to-boost-digital-wallet-interoperability/
2026-09-16,KR,010170,대한광통신,momentum_continuation_v2,종가베팅-모멘텀연속(코스닥),16160.0,19836.59,14321.7,2.0,49.18,0.77,FORCE_CLOSED,1141.0,-92.94,2026-09-17,15834.15,-2.02,2026-09-17T09:17:04.874649,,
2026-09-16,US,JBHT,J.B. Hunt,bb_lower,볼린저밴드 하단터치,238.09500122070312,266.08,223.5,1.92,54.34,0.65,OPEN,238.09500122070312,0.0,,,,2026-09-16T23:24:51.308791,On this episode of Stock Movers: - Intel (INTC) is the most actively traded stock in the premarket after Reuters reported that SK Hynix is in talks with the chipmaker about a deal that would see it manufacture memory chips in the US for the first time. SK Hynix says it's made no decisions in response to a Reuters report that it's in talks with Intel about a deal to make semiconductors in the US. - JB Hunt (JBHT) shares are lower this morning after the trucking company flagged rising costs and issued a rare earnings warning at a Morgan Stanley conference. - Reliance Worldwide (RWC) shares are moving on news Brookfield agreed to pay $3.38 a share to buy Reliance World.,https://finance.yahoo.com/video/intel-sk-hynix-potential-tie-140106472.html
2026-09-16,US,FANG,Diamondback Energy,bb_lower,볼린저밴드 하단터치,192.9499969482422,203.29,182.84,1.02,54.34,0.65,OPEN,192.9499969482422,0.0,,,,2026-09-16T23:47:08.848361,"Diamondback Energy (FANG) reached $211.53 at the closing of the latest trading day, reflecting a +2.82% change compared to its last close.",https://finance.yahoo.com/energy/articles/diamondback-energy-fang-gains-market-221503273.html
2026-09-16,US,HBAN,Huntington Bancshares,bb_lower,볼린저밴드 하단터치,16.405000686645508,16.85,15.9,0.89,54.34,0.65,OPEN,16.405000686645508,0.0,,,,2026-09-17T02:54:24.452192,"The broad market exchange-traded fund SPDR S&P 500 ETF Trust (SPY) was up 0.4%, and the actively tra",https://finance.yahoo.com/markets/stocks/articles/exchange-traded-funds-equity-futures-131952643.html
2026-09-16,US,USB,U.S. Bancorp,bb_lower,볼린저밴드 하단터치,60.810001373291016,62.36,59.09,0.9,54.34,0.65,OPEN,60.810001373291016,0.0,,,,2026-09-17T03:26:11.633551,USB vs. BNY: Which Stock Is the Better Value Option?,https://finance.yahoo.com/markets/stocks/articles/usb-vs-bny-stock-value-154005130.html
2026-09-16,US,WY,Weyerhaeuser,rsi_oversold,RSI 과매도,22.020000457763672,23.29,21.25,1.66,55.72,0.74,OPEN,22.020000457763672,0.0,,,,2026-09-17T03:51:06.226190,An independent energy development company and a long-time manufacturer of wood products have signed an agreement to develop geothermal projects in Washington and Oregon.,https://www.powermag.com/hexagon-weyerhaeuser-ink-geothermal-development-deal-for-pacific-northwest/
2026-09-16,US,HBAN,Huntington Bancshares,rsi_oversold,RSI 과매도,15.734999656677246,16.82,15.17,1.92,55.72,0.74,OPEN,15.734999656677246,0.0,,,,2026-09-17T04:19:03.268346,"The broad market exchange-traded fund SPDR S&P 500 ETF Trust (SPY) was up 0.4%, and the actively tra",https://finance.yahoo.com/markets/stocks/articles/exchange-traded-funds-equity-futures-131952643.html
2026-09-16,US,BA,Boeing,bb_lower,볼린저밴드 하단터치,197.8000030517578,210.0,189.41,1.46,54.34,0.65,OPEN,197.8000030517578,0.0,,,,2026-09-17T04:28:35.083146,"GE Aerospace (GE) has more engine work booked than it can currently perform, and that visibility is much of why people own the shares. The option chain does not treat the stock as settled. At about $307, contracts running twelve months out carry a band from near $216.93 to near $434.6, with roughly a two-in-three chance the stock finishes inside it.",https://www.trefis.com/articles/615525/how-far-can-ge-stock-move-when-the-work-is-already-booked/2026-09-16
2026-09-16,US,KEY,KeyCorp,bb_lower,볼린저밴드 하단터치,20.565000534057617,21.79,19.86,1.74,54.34,0.65,OPEN,20.565000534057617,0.0,,,,2026-09-17T04:28:35.083393,"KEY expects about 8% revenue growth in 2026, driven by loan growth, NIM expansion, and continued momentum in fee businesses.",https://finance.yahoo.com/markets/stocks/articles/keycorp-raises-2026-revenue-outlook-170200453.html
2026-09-16,US,KEY,KeyCorp,rsi_oversold,RSI 과매도,20.565000534057617,21.79,19.86,1.74,55.72,0.74,OPEN,20.565000534057617,0.0,,,,2026-09-17T04:28:35.083475,"KEY expects about 8% revenue growth in 2026, driven by loan growth, NIM expansion, and continued momentum in fee businesses.",https://finance.yahoo.com/markets/stocks/articles/keycorp-raises-2026-revenue-outlook-170200453.html
2026-09-16,US,ON,ON Semiconductor,bb_lower,볼린저밴드 하단터치,67.44999694824219,72.92,61.68,0.95,54.34,0.65,OPEN,67.44999694824219,0.0,,,,2026-09-17T04:28:35.083582,"Texas Instruments' data center sales double in Q2'26 as AI spending, rising chip content and capacity support growth.",https://finance.yahoo.com/technology/articles/txns-data-center-sales-double-132900119.html
2026-09-16,US,APA,APA Corporation,rising_bearish,상승음봉,44.790000915527344,49.77,42.3,2.0,53.32,0.62,OPEN,44.790000915527344,0.0,,,,2026-09-17T05:03:21.933039,The S&P 500 and Nasdaq undercut key support as oil prices and Treasury yields jumped. How will bonds react to the Federal Reserve decision?,https://www.investors.com/market-trend/stock-market-today/dow-jones-futures-sp500-nasdaq-how-will-bonds-react-to-fed-rate-hike/?src=A00220&yptr=yahoo
2026-09-16,US,CINF,Cincinnati Financial,golden_cross,골든크로스,170.77000427246094,180.1,166.11,2.0,51.06,0.41,OPEN,170.77000427246094,0.0,,,,2026-09-17T05:03:21.933114,"A surplus of cash can mean financial stability, but it can also indicate a reluctance (or inability) to invest in growth. Some of these companies also face challenges like stagnating revenue, declining market share, or limited scalability.",https://finance.yahoo.com/markets/stocks/articles/2-cash-heavy-stocks-exciting-070215837.html
2026-09-16,US,EXE,Expand Energy,bb_lower,볼린저밴드 하단터치,88.73999786376953,96.46,84.65,1.89,54.34,0.65,OPEN,88.73999786376953,0.0,,,,2026-09-17T05:03:21.933178,"European natural gas prices are surging, creating opportunities for Venture Global, Cheniere Energy, Shell, Equinor and U.S. gas producers.",https://www.barrons.com/articles/europe-natural-gas-prices-lng-stocks-af31a6f9?siteid=yhoof2&yptr=yahoo
2026-09-16,US,FSLR,First Solar,bb_lower,볼린저밴드 하단터치,191.07000732421875,206.77,176.1,1.05,54.34,0.65,OPEN,191.07000732421875,0.0,,,,2026-09-17T05:03:21.933238,"First Solar dropped a high-stakes patent case at the ITC and called it procedural, but the stock is sliding 5% while the rest of the solar sector barely flinches, raising a pointed question about what management is not saying.",https://247wallst.com/investing/2026/09/16/first-solar-retreats-5-after-dropping-itc-patent-case-it-calls-procedural-enphase-energy-slips-sunrun-holds-steady/
2026-09-16,US,GS,Goldman Sachs,bb_lower,볼린저밴드 하단터치,938.4349975585938,1020.03,894.97,1.88,54.34,0.65,OPEN,938.4349975585938,0.0,,,,2026-09-17T05:03:21.933295,Investing.com -- Goldman Sachs Group Inc. (NYSE:GS) shares fell 4% Wednesday after Chief Executive Officer David Solomon warned of softer fixed-income trading and higher expenses during the third quarter.,https://finance.yahoo.com/markets/stocks/articles/goldman-sachs-stock-falls-ceo-195528995.html
2026-09-16,US,ODFL,Old Dominion,rsi_oversold,RSI 과매도,174.36000061035156,191.34,165.07,1.83,55.72,0.74,OPEN,174.36000061035156,0.0,,,,2026-09-17T05:03:21.933460,Here is how Old Dominion Freight Line (ODFL) and Schneider National (SNDR) have performed compared to their sector so far this year.,https://finance.yahoo.com/markets/stocks/articles/old-dominion-freight-line-odfl-134005678.html
2026-09-16,US,PSKY,Paramount Skydance Corporation,golden_cross,골든크로스,11.135000228881836,12.37,10.52,2.0,51.06,0.41,OPEN,11.135000228881836,0.0,,,,2026-09-17T05:03:21.933544,Consumer stocks fell late Wednesday afternoon with the State Street Consumer Staples Select Sector S,https://finance.yahoo.com/markets/stocks/articles/sector-consumer-stocks-decline-afternoon-195104531.html
2026-09-16,US,TMO,Thermo Fisher Scientific,golden_cross,골든크로스,648.4299926757812,696.05,624.62,2.0,51.06,0.41,OPEN,648.4299926757812,0.0,,,,2026-09-17T05:15:39.725754,"In an interview with CNBC on Tuesday, Marc Casper said AI is helping drugmakers identify ineffective medicines quicker while also shortening the time to market for promising therapies.",https://stocktwits.com/news-articles/markets/equity/thermo-fisher-ceo-says-ai-will-drive-more-pharma-spending-sees-7-organic-growth-by-2028/cZtnK38RBcN
2026-09-16,US,TMO,Thermo Fisher Scientific,new_high_20,20일 신고가 돌파,648.4299926757812,696.05,624.62,2.0,47.53,0.19,OPEN,648.4299926757812,0.0,,,,2026-09-17T05:15:39.725824,"In an interview with CNBC on Tuesday, Marc Casper said AI is helping drugmakers identify ineffective medicines quicker while also shortening the time to market for promising therapies.",https://stocktwits.com/news-articles/markets/equity/thermo-fisher-ceo-says-ai-will-drive-more-pharma-spending-sees-7-organic-growth-by-2028/cZtnK38RBcN
2026-09-16,US,TDG,TransDigm Group,bb_lower,볼린저밴드 하단터치,1080.1099853515625,1159.52,1036.64,1.83,54.34,0.65,OPEN,1080.1099853515625,0.0,,,,2026-09-17T05:15:39.725884,"TransDigm (TDG) stock will differentiate itself on robust execution as markets normalize, while righ",https://finance.yahoo.com/markets/stocks/articles/transdigm-faces-near-term-sentiment-145259791.html
2026-09-16,US,TDG,TransDigm Group,rsi_oversold,RSI 과매도,1080.1099853515625,1159.52,1036.64,1.83,55.72,0.74,OPEN,1080.1099853515625,0.0,,,,2026-09-17T05:15:39.725941,"TransDigm (TDG) stock will differentiate itself on robust execution as markets normalize, while righ",https://finance.yahoo.com/markets/stocks/articles/transdigm-faces-near-term-sentiment-145259791.html
2026-09-16,US,TFC,Truist Financial,bb_lower,볼린저밴드 하단터치,48.43999862670898,50.38,46.8,1.19,54.34,0.65,OPEN,48.43999862670898,0.0,,,,2026-09-17T05:15:39.725996,"TFC's auto lending portfolio sale aims to sharpen its focus on higher growth areas, reduce credit losses and drive modest earnings and ROTCE accretion in 2027.",https://finance.yahoo.com/markets/stocks/articles/truists-prime-auto-lending-exit-150100753.html
2026-09-16,US,WRB,W. R. Berkley Corporation,rising_bearish,상승음봉,69.94999694824219,74.09,67.88,2.0,53.32,0.62,OPEN,69.94999694824219,0.0,,,,2026-09-17T05:15:39.726077,"W. R. Berkley's underwriting discipline, record investment income and AI gains support earnings, while global risks and competition remain headwinds.",https://finance.yahoo.com/markets/stocks/articles/wrbs-solid-growth-comes-premium-163700187.html
2026-09-16,US,AXP,American Express,bb_lower,볼린저밴드 하단터치,312.42999267578125,329.11,302.84,1.74,54.34,0.65,OPEN,312.42999267578125,0.0,,,,2026-09-17T05:28:06.120027,A year of stagnation is setting up an important test,https://finance.yahoo.com/markets/stocks/articles/microsoft-leads-p-500-stocks-195912814.html
2026-09-16,US,CFG,Citizens Financial Group,bb_lower,볼린저밴드 하단터치,66.83999633789062,69.81,64.3,1.17,54.34,0.65,OPEN,66.83999633789062,0.0,,,,2026-09-17T05:28:06.120192,"KEY expects about 8% revenue growth in 2026, driven by loan growth, NIM expansion, and continued momentum in fee businesses.",https://finance.yahoo.com/markets/stocks/articles/keycorp-raises-2026-revenue-outlook-170200453.html
2026-09-16,US,DTE,DTE Energy,rsi_oversold,RSI 과매도,130.6999969482422,135.38,127.22,1.34,55.72,0.74,OPEN,130.6999969482422,0.0,,,,2026-09-17T05:28:06.120292,"Michigan's largest utility just signed hyperscale data center deals that could rewrite its earnings story, but a recent sell-off near 52-week lows is raising questions about whether the opportunity is real or already priced in.",https://247wallst.com/investing/2026/09/16/dte-is-sitting-on-an-ai-era-power-opportunity/
2026-09-16,US,EQT,EQT Corporation,bb_lower,볼린저밴드 하단터치,50.40999984741211,54.25,48.11,1.67,54.34,0.65,OPEN,50.40999984741211,0.0,,,,2026-09-17T05:28:06.120381,EOG Resources (EOG) reported earnings 30 days ago. What's next for the stock? We take a look at earnings estimates for some clues.,https://finance.yahoo.com/markets/stocks/articles/why-eog-resources-eog-11-153012782.html
2026-09-16,US,EQT,EQT Corporation,rsi_oversold,RSI 과매도,50.40999984741211,54.25,48.11,1.67,55.72,0.74,OPEN,50.40999984741211,0.0,,,,2026-09-17T05:28:06.120465,EOG Resources (EOG) reported earnings 30 days ago. What's next for the stock? We take a look at earnings estimates for some clues.,https://finance.yahoo.com/markets/stocks/articles/why-eog-resources-eog-11-153012782.html
2026-09-16,US,FFIV,"F5, Inc.",rising_bearish,상승음봉,423.5899963378906,465.27,402.75,2.0,53.32,0.62,OPEN,423.5899963378906,0.0,,,,2026-09-17T05:28:06.120625,"F5 (FFIV) is pushing deeper into application and AI security, rolling out new Distributed Cloud Bot Defense features alongside Workforce AI Security to monitor devices, score risk in real time, and govern AI-driven activity. The recent AI security launches arrive alongside strong price momentum. F5’s share price return is up 4.71% over 1 day and 10.59% over 7 days. The year-to-date share price return of 67.90% sits against a 1-year total shareholder return of 33.10%, indicating that gains...",https://finance.yahoo.com/technology/ai/articles/f5-ffiv-launches-ai-security-061223620.html
2026-09-16,US,MTB,M&T Bank,bb_lower,볼린저밴드 하단터치,226.009994506836,237.93,218.73,1.64,54.34,0.65,OPEN,226.009994506836,0.0,,,,2026-09-17T05:28:06.120923,"Dividends are one of the best benefits to being a shareholder, but finding a great dividend stock is no easy task. Does M&T Bank (MTB) have what it takes? Let's find out.",https://finance.yahoo.com/markets/stocks/articles/m-t-bank-corporation-mtb-154504120.html
2026-09-16,US,MTB,M&T Bank,rsi_oversold,RSI 과매도,226.009994506836,237.93,218.73,1.64,55.72,0.74,OPEN,226.009994506836,0.0,,,,2026-09-17T05:28:06.120998,"Dividends are one of the best benefits to being a shareholder, but finding a great dividend stock is no easy task. Does M&T Bank (MTB) have what it takes? Let's find out.",https://finance.yahoo.com/markets/stocks/articles/m-t-bank-corporation-mtb-154504120.html
2026-09-16,US,PNC,PNC Financial Services,bb_lower,볼린저밴드 하단터치,231.4900054931641,242.28,224.04,1.45,54.34,0.65,OPEN,231.4900054931641,0.0,,,,2026-09-17T05:28:06.121230,"PNC Financial's capital markets business is on pace for a record year, driving fee-income growth and supporting its 2026 outlook. Can the momentum continue?",https://finance.yahoo.com/markets/stocks/articles/pncs-record-capital-markets-pace-171500201.html
2026-09-16,US,O,Realty Income,bb_lower,볼린저밴드 하단터치,57.150001525878906,61.16,55.68,2.73,54.34,0.65,OPEN,57.150001525878906,0.0,,,,2026-09-17T05:28:06.121329,"Generating over $100,000 a year in dividends sounds like a goal reserved for the ultra-wealthy, but the capital you actually need depends entirely on a tradeoff most investors never think to calculate before building their portfolio.",https://247wallst.com/personal-finance/2026/09/16/how-to-build-8700-a-month-in-dividend-income-without-selling-a-single-share/
2026-09-16,US,O,Realty Income,rsi_oversold,RSI 과매도,57.150001525878906,61.16,55.68,2.73,55.72,0.74,OPEN,57.150001525878906,0.0,,,,2026-09-17T05:28:06.121409,"Generating over $100,000 a year in dividends sounds like a goal reserved for the ultra-wealthy, but the capital you actually need depends entirely on a tradeoff most investors never think to calculate before building their portfolio.",https://247wallst.com/personal-finance/2026/09/16/how-to-build-8700-a-month-in-dividend-income-without-selling-a-single-share/
2026-09-17,KR,289080,SV인베스트먼트,momentum_continuation_v2,종가베팅-모멘텀연속(코스닥),2880.0,3457.74,2591.13,2.0,49.18,0.77,OPEN,2880.0,0.0,,,,2026-09-17T11:38:07.270826,"The Series B funding will back global deployment, product development and partnerships for AI-focused computational memory solutions.",https://www.verdict.co.uk/xcena-secures-135m/
2026-09-17,KR,272210,한화시스템,golden_cross,골든크로스,76700.0,90032.13,70033.93,2.0,48.94,1.06,OPEN,76700.0,0.0,,,,2026-09-17T12:29:08.968641,"MDA Space Ltd. recently signed a Memorandum of Understanding with South Korea’s Hanwha Systems to explore collaboration on Korea’s sovereign K-LEO Low Earth Orbit defence satellite constellation, using MDA’s AURORA software-defined digital satellites to support secure national security communications and data services. The MoU positions MDA’s AURORA platform as a potential backbone for a major allied defence space program, underlining growing international interest in software-defined,...",https://finance.yahoo.com/news/mda-space-hanwha-k-leo-200740794.html
2026-09-17,KR,295310,에이치브이엠,momentum_continuation_v2,종가베팅-모멘텀연속(코스닥),59600.0,71934.98,53432.51,2.0,49.18,0.77,OPEN,59600.0,0.0,,,,2026-09-17T12:29:08.968775,,
2026-09-17,KR,033640,네패스,momentum_continuation_v2,종가베팅-모멘텀연속(코스닥),26650.0,32076.16,23936.92,2.0,49.18,0.77,OPEN,26650.0,0.0,,,,2026-09-17T12:29:08.968856,,
2026-09-17,KR,000150,두산,new_high_20,20일 신고가 돌파,1449000.0,1741735.54,1302632.23,2.0,46.71,0.97,OPEN,1449000.0,0.0,,,,2026-09-17T13:05:26.993039,"NVIDIA closed major deals with LG and Doosan Group, sending NVDA stock more than 1.60% higher in pre-market.",https://beincrypto.com/nvidia-stock-soars-after-lg-doosan-deals/
2026-09-17,KR,000150,두산,rising_bearish,상승음봉,1434000.0,1726735.54,1287632.23,2.0,46.93,0.69,OPEN,1434000.0,0.0,,,,2026-09-17T13:52:03.202582,"NVIDIA closed major deals with LG and Doosan Group, sending NVDA stock more than 1.60% higher in pre-market.",https://beincrypto.com/nvidia-stock-soars-after-lg-doosan-deals/
